{
  "fp32": {
    "accuracy": 0.8895,
    "threshold": 0.2577495872974396,
    "tar_at_far_1e3": 0.4593333333333333,
    "tar_at_far_1e4": 0.335,
    "roc_auc": 0.9508304444444444,
    "genuine_mean": 0.44741272926330566,
    "genuine_std": 0.16102424263954163,
    "impostor_mean": 0.13074250519275665,
    "impostor_std": 0.09334394335746765,
    "model_name": "adaface_fp32.onnx",
    "model_size_mb": 166.31920051574707,
    "inference_latency_ms": 34.53510166029446,
    "throughput_fps": 28.956046223246403,
    "benchmark": {
      "model_name": "adaface_fp32.onnx",
      "model_size_mb": 166.31920051574707,
      "latency_mean_ms": 39.63257021008758,
      "latency_std_ms": 2.9779041630922185,
      "latency_min_ms": 30.03412502584979,
      "latency_max_ms": 56.74283305415884,
      "latency_p50_ms": 39.21362498658709,
      "latency_p95_ms": 47.507299995049834,
      "latency_p99_ms": 51.01404711604116,
      "throughput_fps": 26.88324177386984,
      "batch_size": 32,
      "execution_provider": "CPUExecutionProvider",
      "num_threads": 4,
      "warmup_iterations": 50,
      "measure_iterations": 200
    }
  },
  "int8_dynamic": {
    "accuracy": 0.8806666666666667,
    "threshold": 0.29537010192871094,
    "tar_at_far_1e3": 0.4206666666666667,
    "tar_at_far_1e4": 0.3893333333333333,
    "roc_auc": 0.9429317777777777,
    "genuine_mean": 0.4533178210258484,
    "genuine_std": 0.15968328714370728,
    "impostor_mean": 0.14949658513069153,
    "impostor_std": 0.0972496047616005,
    "model_name": "adaface_int8_dynamic.onnx",
    "model_size_mb": 41.85613250732422,
    "inference_latency_ms": 126.01765832980163,
    "throughput_fps": 7.935395826693537,
    "benchmark": {
      "model_name": "adaface_int8_dynamic.onnx",
      "model_size_mb": 41.85613250732422,
      "latency_mean_ms": 133.2566891386523,
      "latency_std_ms": 1.9559125817580665,
      "latency_min_ms": 130.88345801224932,
      "latency_max_ms": 146.28079195972532,
      "latency_p50_ms": 133.0088130198419,
      "latency_p95_ms": 136.05824827682227,
      "latency_p99_ms": 143.34374078025573,
      "throughput_fps": 7.1399566018693905,
      "batch_size": 32,
      "execution_provider": "CPUExecutionProvider",
      "num_threads": 4,
      "warmup_iterations": 50,
      "measure_iterations": 200
    }
  },
  "int8_static_qdq": {
    "accuracy": 0.8573333333333333,
    "threshold": 0.28202497959136963,
    "tar_at_far_1e3": 0.314,
    "tar_at_far_1e4": 0.25833333333333336,
    "roc_auc": 0.9278195555555555,
    "genuine_mean": 0.44051921367645264,
    "genuine_std": 0.15427321195602417,
    "impostor_mean": 0.16489572823047638,
    "impostor_std": 0.10126492381095886,
    "model_name": "adaface_int8_static_qdq.onnx",
    "model_size_mb": 42.073081970214844,
    "inference_latency_ms": 19.950880000251345,
    "throughput_fps": 50.12310233871397,
    "benchmark": {
      "model_name": "adaface_int8_static_qdq.onnx",
      "model_size_mb": 42.073081970214844,
      "latency_mean_ms": 20.696774979878683,
      "latency_std_ms": 0.632715938601756,
      "latency_min_ms": 19.75912495981902,
      "latency_max_ms": 21.958415978588164,
      "latency_p50_ms": 20.64731201971881,
      "latency_p95_ms": 21.560047622187994,
      "latency_p99_ms": 21.747020742623132,
      "throughput_fps": 52.14752315598348,
      "batch_size": 32,
      "execution_provider": "CPUExecutionProvider",
      "num_threads": 4,
      "warmup_iterations": 50,
      "measure_iterations": 200
    }
  }
}