{
  "fp32": {
    "accuracy": 0.9683333333333334,
    "threshold": 0.33668598601290656,
    "tar_at_far_1e3": 0.7856666666666666,
    "tar_at_far_1e4": 0.7766666666666666,
    "roc_auc": 0.9927204444444444,
    "genuine_mean": 0.6753004789352417,
    "genuine_std": 0.1542128026485443,
    "impostor_mean": 0.04878515005111694,
    "impostor_std": 0.15572036802768707,
    "model_name": "facenet_fp32.onnx",
    "model_size_mb": 89.60651969909668,
    "inference_latency_ms": 7.346055419766344,
    "throughput_fps": 136.12747833473423,
    "benchmark": {
      "model_name": "facenet_fp32.onnx",
      "model_size_mb": 89.60651969909668,
      "latency_mean_ms": 9.41107708698837,
      "latency_std_ms": 1.0222929715923064,
      "latency_min_ms": 6.971125025302172,
      "latency_max_ms": 13.575749995652586,
      "latency_p50_ms": 8.976416516816244,
      "latency_p95_ms": 11.797527395538053,
      "latency_p99_ms": 12.286473398562519,
      "throughput_fps": 93.3378716685139,
      "batch_size": 32,
      "execution_provider": "CPUExecutionProvider",
      "num_threads": 4,
      "warmup_iterations": 50,
      "measure_iterations": 200
    }
  },
  "int8_dynamic": {
    "accuracy": 0.9683333333333334,
    "threshold": 0.3367227375567019,
    "tar_at_far_1e3": 0.7856666666666666,
    "tar_at_far_1e4": 0.776,
    "roc_auc": 0.992721,
    "genuine_mean": 0.6752973794937134,
    "genuine_std": 0.15421612560749054,
    "impostor_mean": 0.048779699951410294,
    "impostor_std": 0.15572236478328705,
    "model_name": "facenet_int8_dynamic.onnx",
    "model_size_mb": 86.96625804901123,
    "inference_latency_ms": 7.21718291984871,
    "throughput_fps": 138.55821739667954,
    "benchmark": {
      "model_name": "facenet_int8_dynamic.onnx",
      "model_size_mb": 86.96625804901123,
      "latency_mean_ms": 8.240020862140227,
      "latency_std_ms": 1.408203890967885,
      "latency_min_ms": 7.010166998952627,
      "latency_max_ms": 11.638166033662856,
      "latency_p50_ms": 7.391582999844104,
      "latency_p95_ms": 11.122108646668492,
      "latency_p99_ms": 11.516528359497897,
      "throughput_fps": 93.18242063426254,
      "batch_size": 32,
      "execution_provider": "CPUExecutionProvider",
      "num_threads": 4,
      "warmup_iterations": 50,
      "measure_iterations": 200
    }
  },
  "int8_static_qdq": {
    "accuracy": 0.9676666666666667,
    "threshold": 0.3488981028397877,
    "tar_at_far_1e3": 0.7893333333333333,
    "tar_at_far_1e4": 0.778,
    "roc_auc": 0.9923798888888888,
    "genuine_mean": 0.6742876172065735,
    "genuine_std": 0.15467382967472076,
    "impostor_mean": 0.05012182518839836,
    "impostor_std": 0.15617001056671143,
    "model_name": "facenet_int8_static_qdq.onnx",
    "model_size_mb": 23.25980567932129,
    "inference_latency_ms": 3.9214316703146324,
    "throughput_fps": 255.008905948823,
    "benchmark": {
      "model_name": "facenet_int8_static_qdq.onnx",
      "model_size_mb": 23.25980567932129,
      "latency_mean_ms": 4.447598357510287,
      "latency_std_ms": 0.3550586233254761,
      "latency_min_ms": 3.8920000079087913,
      "latency_max_ms": 6.069957977160811,
      "latency_p50_ms": 4.329687508288771,
      "latency_p95_ms": 5.23737880284898,
      "latency_p99_ms": 5.732725046109407,
      "throughput_fps": 276.8525373658335,
      "batch_size": 32,
      "execution_provider": "CPUExecutionProvider",
      "num_threads": 4,
      "warmup_iterations": 50,
      "measure_iterations": 200
    }
  }
}